Top pages,Clicks,Impressions,CTR,Position
https://www.bondflorida.com/county/hillsborough,2,22,9.09%,21.68
https://www.bondflorida.com/,0,17,0%,28.53
https://bondflorida.com/,0,15,0%,13.93
https://bondflorida.com/county/orange/orlando,0,5,0%,35.2
https://bondflorida.com/county/miami-dade,0,3,0%,27.33
https://www.bondflorida.com/services/domestic-violence-bail/new-port-richey,0,3,0%,64
https://bondflorida.com/county/pinellas/clearwater,0,2,0%,20
http://bondflorida.com/,0,2,0%,22
https://www.bondflorida.com/services/traffic-warrant-bail/lakeland,0,2,0%,51.5
https://bondflorida.com/county/orange,0,1,0%,2
https://bondflorida.com/services/nebbia-hold-bail/lakeland,0,1,0%,5
https://www.bondflorida.com/services/nebbia-hold-bail/miami,0,1,0%,7
https://www.bondflorida.com/services/traffic-warrant-bail/clearwater,0,1,0%,8